timestamp,scenario,user_answers,ai_response
2025-01-12 16:53:44,strategic_market_entry,q1: testy1; q2: ; q3: ,"### Decision Recommendation for Strategic Market Entry

#### Market Analysis
Given the specified market conditions of moderate growth and high competitor density, it is crucial to adopt a strategic and adaptive approach. The presence of numerous competitors indicates that differentiation and unique value propositions will be key to gaining market share.

#### Budget Constraints
With a budget limit of $2,000,000, prudent allocation of resources is essential. This budget must cover market research, product development, marketing, and operational costs. Therefore, a focused entry strategy that prioritizes areas with the highest potential return on investment is recommended.

#### Ethical Considerations
The potential impact on the local workforce must be a priority in this market entry strategy. Ethical considerations around job displacement, fair labor practices, and community engagement should guide decision-making. Building partnerships with local organizations and ensuring that workforce transitions are handled responsibly can mitigate negative impacts.

### Recommended Market Entry Strategies

1. **Niche Market Focus**
   - **Rationale**: Targeting a niche within the broader market can help differentiate from competitors and reduce direct competition. Identify underserved customer segments with specific needs that align with your offerings.
   - **Implementation**: Conduct thorough market research to identify these segments. Allocate a portion of the budget (around 20%) to gather insights and create tailored marketing campaigns.

2. **Collaborative Partnerships**
   - **Rationale**: Forming strategic alliances with local businesses can enhance market entry by leveraging established networks and reducing operational risks.
   - **Implementation**: Use approximately 15% of the budget to identify and negotiate partnerships that align with your business goals. Collaborate on marketing initiatives and shared resources to maximize reach and efficiency.

3. **Phased Rollout**
   - **Rationale**: A phased approach allows for gradual investment and adaptation based on initial market feedback. This reduces the risk of overspending and enables quick pivots based on competitive dynamics.
   - **Implementation**: Allocate 50% of the budget for the initial rollout in a specific geographic area or product line, with the remaining budget reserved for scaling based on performance metrics.

4. **Community Engagement and Ethical Practices**
   - **Rationale**: Prioritizing ethical considerations in your entry strategy can build trust and brand loyalty among local consumers.
   - **Implementation**: Dedicate around 10% of the budget to community engagement initiatives. These could include training programs for the local workforce, partnerships with educational institutions, and transparent communication about company practices.

5. **Agile Marketing Strategies**
   - **Rationale**: Given the high competitor density, employing agile marketing techniques allows for rapid adaptation to market changes and competitor actions.
   - **Implementation**: Use the remaining 5% of the budget to test different marketing channels and tactics, measuring their effectiveness in real-time and adjusting strategies accordingly.

### Conclusion
In conclusion, the recommended approach balances strategic market entry with ethical considerations and resource constraints. By focusing on niche markets, forming partnerships, and engaging with the community, the company can establish a foothold in a competitive landscape while maintaining a commitment to ethical business practices. An agile and adaptive mindset will be crucial in navigating ongoing market dynamics and ensuring long-term success."
